{"cameraMode":{"drawMode":0,"name":"Shaded","section":"Shading Mode"},"sceneLighting":true,"audioPlay":false,"sceneViewState":{"showFog":false,"showMaterialUpdate":false,"showSkybox":true,"showFlares":true,"showImageEffects":true,"showParticleSystems":true},"in2DMode":false,"pivot":{"x":105.48285675048828,"y":-175.7375946044922,"z":71.2718734741211},"rotation":{"x":-0.1659979224205017,"y":0.533657968044281,"z":-0.10773910582065582,"w":-0.8222301602363586},"size":1072.7852783203125,"orthographic":false}