{"cameraMode":{"drawMode":0,"name":"Shaded","section":"Shading Mode"},"sceneLighting":false,"audioPlay":false,"sceneViewState":{"showFog":true,"showMaterialUpdate":false,"showSkybox":true,"showFlares":true,"showImageEffects":true,"showParticleSystems":true},"in2DMode":false,"pivot":{"x":3.144906520843506,"y":2.8958675861358644,"z":12.167475700378418},"rotation":{"x":-0.15556806325912476,"y":-0.03644469007849693,"z":0.00574352964758873,"w":-0.9871365427970886},"size":26.978307723999025,"orthographic":false}