{"cameraMode":{"drawMode":0,"name":"Shaded","section":"Shading Mode"},"sceneLighting":false,"audioPlay":false,"sceneViewState":{"showFog":true,"showMaterialUpdate":false,"showSkybox":true,"showFlares":true,"showImageEffects":true,"showParticleSystems":true},"in2DMode":false,"pivot":{"x":116.99546813964844,"y":104.77053833007813,"z":-36.076454162597659},"rotation":{"x":-0.1852332502603531,"y":0.002060848521068692,"z":-0.000388472544727847,"w":-0.9826919436454773},"size":182.93820190429688,"orthographic":false}