{"cameraMode":{"drawMode":0,"name":"Shaded","section":"Shading Mode"},"sceneLighting":false,"audioPlay":false,"sceneViewState":{"showFog":true,"showMaterialUpdate":false,"showSkybox":true,"showFlares":true,"showImageEffects":true,"showParticleSystems":true},"in2DMode":false,"pivot":{"x":0.0,"y":-1.6429996490478516,"z":10.380000114440918},"rotation":{"x":-0.1497436761856079,"y":-0.0038595700170844795,"z":0.0005851597525179386,"w":-0.9887211322784424},"size":19.398502349853517,"orthographic":false}