{"cameraMode":{"drawMode":0,"name":"Shaded","section":"Shading Mode"},"sceneLighting":false,"audioPlay":false,"sceneViewState":{"showFog":true,"showMaterialUpdate":false,"showSkybox":true,"showFlares":true,"showImageEffects":true,"showParticleSystems":true},"in2DMode":false,"pivot":{"x":0.5591607093811035,"y":-1.6580458879470826,"z":3.7439117431640627},"rotation":{"x":-0.1497436761856079,"y":-0.0038595700170844795,"z":0.0005851597525179386,"w":-0.9887211322784424},"size":13.882140159606934,"orthographic":false}