{"cameraMode":{"drawMode":0,"name":"Shaded","section":"Shading Mode"},"sceneLighting":false,"audioPlay":false,"sceneViewState":{"showFog":true,"showMaterialUpdate":false,"showSkybox":true,"showFlares":true,"showImageEffects":true,"showParticleSystems":true},"in2DMode":false,"pivot":{"x":-0.04269103705883026,"y":-0.08277705311775208,"z":0.09312597662210465},"rotation":{"x":-0.22781243920326234,"y":0.516434907913208,"z":-0.14476928114891053,"w":-0.8126741051673889},"size":1.4540374279022217,"orthographic":false}