{"cameraMode":{"drawMode":0,"name":"Shaded","section":"Shading Mode"},"sceneLighting":false,"audioPlay":false,"sceneViewState":{"showFog":true,"showMaterialUpdate":false,"showSkybox":true,"showFlares":true,"showImageEffects":true,"showParticleSystems":true},"in2DMode":false,"pivot":{"x":323.3315124511719,"y":362.42608642578127,"z":-63.896461486816409},"rotation":{"x":-0.098546601831913,"y":0.0077587817795574669,"z":-0.000768532685469836,"w":-0.9951034188270569},"size":455.474365234375,"orthographic":false}