{"cameraMode":{"drawMode":0,"name":"Shaded","section":"Shading Mode"},"sceneLighting":false,"audioPlay":false,"sceneViewState":{"showFog":true,"showMaterialUpdate":false,"showSkybox":true,"showFlares":true,"showImageEffects":true,"showParticleSystems":true},"in2DMode":false,"pivot":{"x":8.790786743164063,"y":-6.208573341369629,"z":5.938416481018066},"rotation":{"x":-0.17111670970916749,"y":0.3507245182991028,"z":-0.06534793227910996,"w":-0.9183934330940247},"size":18.39910125732422,"orthographic":false}