{"cameraMode":{"drawMode":0,"name":"Shaded","section":"Shading Mode"},"sceneLighting":false,"audioPlay":false,"sceneViewState":{"showFog":true,"showMaterialUpdate":false,"showSkybox":true,"showFlares":true,"showImageEffects":true,"showParticleSystems":true},"in2DMode":false,"pivot":{"x":-15.147673606872559,"y":-7.692229270935059,"z":3.22291898727417},"rotation":{"x":-0.17543604969978333,"y":0.6340137124061585,"z":-0.15073548257350923,"w":-0.7379336953163147},"size":14.553217887878418,"orthographic":false}