{"cameraMode":{"drawMode":0,"name":"Shaded","section":"Shading Mode"},"sceneLighting":false,"audioPlay":false,"sceneViewState":{"showFog":true,"showMaterialUpdate":false,"showSkybox":true,"showFlares":true,"showImageEffects":true,"showParticleSystems":true},"in2DMode":false,"pivot":{"x":219.95521545410157,"y":181.39370727539063,"z":-101.72412872314453},"rotation":{"x":-0.098546601831913,"y":0.0077587817795574669,"z":-0.000768532685469836,"w":-0.9951034188270569},"size":441.6158142089844,"orthographic":false}